"id","before","after"
1,102.304385787676,104.715115954165
2,100.052071807472,102.648461374393
3,93.6754246999913,91.4133456225129
4,120.807893111277,121.203341797978
5,89.2251510834839,91.2245138912377
6,80.7361103903758,76.7708167582479
7,92.7472695607188,102.132748775797
8,105.223493982907,106.834113450039
9,94.4048549964136,99.90042843615
10,103.618250574627,105.839268599761
11,102.281657659948,101.677022117325
12,104.829646468429,104.815706872565
13,90.5485526035882,97.8576166258166
14,94.7187233091272,96.1188168978422
15,100.281384402588,105.270811196844
16,85.732116346511,87.4306568310052
17,106.315070928627,112.417201044238
18,93.7054211751155,96.9542994180346
19,107.988864511531,107.848301685449
20,96.030171008708,98.3797202995145
21,103.72978261096,105.183485624215
22,92.0897987492955,95.2256887663861
23,110.737271633073,109.551016711848
24,100.513248646345,100.189668904931
25,93.3717207847147,91.9308193616006
26,102.141237417616,100.55280988637
27,92.2479323398013,92.0949448182372
28,80.2756934810032,87.1010090076934
29,91.5246543790348,90.7653784967929
30,84.8593332268075,82.228369720887
