RESPONDENT,TRANTIME,DEPARTS,ARRIVES
1,7,647,654
2,8,1305,1309
3,10,1445,1454
4,10,1605,1614
5,10,1605,1614
6,15,1515,1534
7,15,1435,1449
8,7,1545,1554
9,12,1535,1544
10,15,1435,1449
11,15,1605,1619
12,7,1545,1554
13,15,622,639
14,18,802,819
15,15,1635,1649
16,15,732,749
17,129,502,644
18,20,802,824
19,15,652,709
20,15,747,804
21,15,802,819
22,10,712,724
23,12,732,744
24,20,632,654
25,20,702,724
26,35,817,854
27,10,732,744
28,20,732,754
29,15,702,719
30,20,802,824
31,7,1505,1509
32,24,747,809
33,45,702,749
34,12,2205,2214
35,15,547,604
36,15,727,744
37,17,737,754
38,12,702,714
39,15,732,749
40,15,832,849
41,20,405,429
42,20,932,954
43,45,832,919
44,12,522,534
45,25,602,629
46,30,1335,1404
47,15,717,734
48,10,2115,2124
49,20,717,739
50,5,602,609
51,5,732,739
52,15,552,609
53,15,522,539
54,10,802,814
55,20,532,554
56,25,802,829
57,12,742,754
58,18,632,649
59,7,747,754
60,15,647,704
61,8,732,739
62,35,1335,1409
63,30,802,834
64,15,707,724
65,15,932,949
66,5,752,759
67,20,802,824
68,15,1115,1134
69,7,802,809
70,15,702,719
71,20,632,654
72,15,727,744
73,3,532,534
74,20,732,754
75,4,752,754
76,129,547,719
77,129,647,919
78,25,802,829
79,15,932,949
80,15,917,934
81,20,647,709
82,45,722,809
83,35,552,629
84,20,832,854
85,5,732,739
86,30,722,754
87,10,647,659
88,30,637,709
89,30,627,659
90,13,802,814
91,30,732,804
92,30,602,634
93,10,702,714
94,15,902,919
95,18,542,559
96,10,502,514
97,10,345,359
98,17,1605,1619
99,22,802,824
100,9,632,639
101,10,702,714
102,15,817,834
103,30,732,804
104,30,732,804
105,10,1635,1644
106,15,602,619
107,15,602,619
108,25,1315,1344
109,15,702,719
110,15,802,819
111,45,115,149
112,15,647,704
113,25,817,844
114,30,632,704
115,20,732,754
116,15,802,819
117,20,732,754
118,30,1815,1849
119,30,517,549
120,15,732,749
121,45,802,849
122,20,602,624
123,2,832,834
124,20,817,839
125,20,832,854
126,15,932,949
127,10,435,444
128,20,702,724
129,30,802,834
130,15,632,649
131,15,902,919
132,20,1205,1224
133,37,732,809
134,15,602,619
135,5,532,539
136,30,632,704
137,20,642,704
138,10,802,814
139,20,727,749
140,30,732,804
141,20,712,734
142,26,702,729
143,15,902,919
144,10,832,844
145,15,832,849
146,18,632,649
147,10,1205,1214
148,13,617,629
149,25,702,729
150,10,832,844
151,1,702,704
152,8,502,509
153,20,802,824
154,25,742,809
155,15,502,519
156,5,752,759
157,15,742,759
158,129,517,724
159,20,802,824
160,30,602,634
161,10,732,744
162,35,917,954
163,30,732,804
164,30,602,634
165,5,717,724
166,15,1845,1904
167,30,802,834
168,5,2015,2009
169,10,902,914
170,20,902,924
171,30,632,704
172,25,632,659
173,10,902,914
174,20,802,824
175,15,802,819
176,15,802,819
177,25,532,559
178,6,1335,1339
179,10,1005,1014
180,12,547,559
181,12,802,814
182,15,832,849
183,15,747,804
184,15,932,949
185,15,702,719
186,20,622,644
187,20,445,509
188,20,445,509
189,20,622,644
190,20,732,754
191,40,732,814
192,40,115,144
193,10,1405,1414
194,10,532,544
195,10,832,844
196,25,1105,1129
197,15,602,619
198,20,1015,1039
199,20,632,654
200,20,832,854
201,10,747,759
202,20,732,754
203,20,727,749
204,10,547,559
205,10,532,544
206,3,902,904
207,7,602,609
208,15,502,519
209,15,702,719
210,15,802,819
211,20,1005,1024
212,8,947,954
213,8,932,939
214,5,445,454
215,20,245,254
216,20,732,754
217,25,732,759
218,15,1605,1619
219,3,1655,1654
220,20,702,724
221,20,602,624
222,20,702,724
223,25,532,559
224,20,547,609
225,10,732,744
226,15,732,749
227,12,627,639
228,25,702,729
229,5,1645,1654
230,15,717,734
231,5,802,809
232,20,742,804
233,15,532,549
234,20,642,704
235,15,802,819
236,15,602,619
237,12,245,254
238,10,502,514
239,20,602,624
240,10,1635,1644
241,10,1335,1344
242,30,1105,1134
243,8,1405,1409
244,10,632,644
245,10,522,534
246,10,702,714
247,15,612,629
248,5,1535,1539
249,5,617,624
250,12,502,514
251,5,542,549
252,10,1645,1654
253,5,1045,1054
254,20,902,924
255,30,702,734
256,20,2345,2354
257,30,717,749
258,8,445,454
259,12,632,644
260,17,712,729
261,15,617,634
262,15,732,749
263,8,532,539
264,5,752,759
265,15,602,619
266,15,435,449
267,10,802,814
268,3,817,819
269,15,1605,1619
270,20,902,924
271,7,702,709
272,20,732,754
273,15,702,719
274,5,802,809
275,25,632,659
276,40,617,659
277,15,557,614
278,45,702,749
279,15,1335,1349
280,20,732,754
281,20,1445,1509
282,4,1335,1334
283,60,702,804
284,15,547,604
285,15,547,604
286,35,732,809
287,10,752,804
288,10,632,644
289,15,1435,1449
290,6,702,709
291,6,702,709
292,18,702,719
293,5,747,754
294,45,732,819
295,5,1705,1709
296,20,1335,1354
297,25,702,729
298,15,1115,1129
299,15,1115,1129
300,10,702,714
301,10,832,844
302,30,702,734
303,8,717,724
304,10,652,704
305,6,732,739
306,20,742,804
307,20,445,504
308,20,702,724
309,15,732,749
310,20,632,654
311,15,802,819
312,15,702,719
313,15,737,754
314,15,732,749
315,12,732,744
316,12,642,654
317,20,802,824
318,7,732,739
319,15,702,719
320,15,817,834
321,15,817,834
322,10,1105,1114
323,30,702,734
324,30,732,804
325,15,617,634
326,15,1715,1734
327,10,632,644
328,10,732,744
329,25,717,744
330,25,1705,1729
331,10,952,1004
332,20,632,654
333,17,747,804
334,15,632,649
335,5,702,709
336,15,1205,1219
337,10,2145,2159
338,15,702,719
339,15,802,819
340,20,435,454
341,30,602,634
342,30,732,804
343,30,802,834
344,5,747,754
345,5,727,734
346,20,1005,1024
347,8,732,739
348,10,847,859
349,20,802,824
350,20,712,734
351,27,1535,1559
352,10,702,714
353,20,1005,1024
354,20,902,924
355,10,842,854
356,15,932,949
357,20,732,754
358,25,722,749
359,30,445,519
360,13,802,814
361,15,732,749
362,20,802,824
363,20,547,609
364,20,532,554
365,15,1235,1249
366,10,435,444
367,15,832,849
368,10,245,259
369,20,532,554
370,10,1435,1444
371,12,702,714
372,20,802,824
373,10,647,659
374,15,1005,1019
375,5,727,734
376,10,2315,2314
377,12,245,254
378,25,1235,1259
379,10,902,914
380,1,732,734
381,25,445,514
382,10,445,459
383,7,742,749
384,60,522,624
385,80,632,754
386,5,1915,1909
387,20,602,624
388,20,732,754
389,20,732,754
390,5,902,909
391,5,1005,1009
392,15,1505,1519
393,15,1635,1649
394,15,1005,1019
395,10,502,514
396,13,732,744
397,8,722,729
398,20,522,544
399,20,802,824
400,10,617,629
401,10,832,844
402,20,802,824
403,12,702,714
404,8,732,739
405,15,717,734
406,20,732,754
407,20,1945,1954
408,15,2135,2149
409,45,647,734
410,20,747,809
411,18,822,839
412,10,812,824
413,30,802,834
414,10,717,729
415,5,832,839
416,12,732,744
417,10,702,714
418,30,717,749
419,20,727,749
420,12,1635,1644
421,30,702,734
422,10,832,844
423,20,632,654
424,20,747,809
425,20,717,739
426,20,2315,2324
427,10,1635,1644
428,20,932,954
429,15,702,719
430,45,632,719
431,5,647,654
432,5,732,739
433,10,632,644
434,10,732,744
435,7,702,709
436,20,522,544
437,7,917,924
438,30,702,734
439,20,1545,1609
440,25,1635,1659
441,15,702,719
442,20,902,924
443,20,702,724
444,30,732,804
445,15,702,719
446,10,902,914
447,7,647,654
448,20,832,854
449,50,802,854
450,20,702,724
451,15,702,719
452,15,1115,1134
453,30,647,719
454,20,702,724
455,5,1605,1609
456,7,647,654
457,12,732,744
458,35,2155,2229
459,12,732,744
460,15,732,749
461,7,802,809
462,18,1305,1319
463,15,532,549
464,10,602,614
465,15,1005,1019
466,15,717,734
467,10,802,814
468,15,702,719
469,20,245,254
470,10,702,714
471,13,617,629
472,45,602,649
473,20,807,829
474,15,632,649
475,20,727,749
476,15,1845,1904
477,27,702,729
478,15,632,649
479,10,542,554
480,17,747,804
481,10,702,714
482,10,802,814
483,129,802,1124
484,30,602,634
485,20,732,754
486,20,732,754
487,20,742,804
488,20,732,754
489,8,747,754
490,10,752,804
491,20,722,744
492,20,622,644
493,3,1255,1254
494,25,732,759
495,15,632,649
496,20,527,549
497,30,732,804
498,30,632,704
499,11,647,659
500,2,732,734
501,30,732,804
502,12,747,804
503,20,747,809
504,10,602,614
505,20,1805,1824
506,20,732,754
507,30,1305,1334
508,20,717,739
509,1,502,504
510,15,445,459
511,15,802,819
512,15,832,849
513,30,832,904
514,30,802,834
515,15,817,834
516,20,602,624
517,40,702,744
518,15,732,749
519,15,732,749
520,15,732,749
521,25,732,759
522,20,712,734
523,25,732,759
524,20,802,824
525,10,602,614
526,15,612,629
527,28,802,829
528,28,802,829
529,25,832,859
530,15,632,649
531,10,742,754
532,10,832,844
533,3,852,854
534,15,732,749
535,75,647,804
536,7,1645,1654
537,18,617,634
538,20,732,754
539,20,552,614
540,20,717,739
541,10,852,904
542,20,832,854
543,30,1345,1419
544,20,802,824
545,5,832,839
546,56,1005,1059
547,10,817,829
548,30,832,904
549,30,732,804
550,30,752,824
551,15,647,704
552,20,702,724
553,10,717,729
554,5,747,754
555,10,717,729
556,12,742,754
557,20,1505,1524
558,5,657,704
559,20,832,854
560,10,832,844
561,15,1505,1519
562,15,717,734
563,20,742,804
564,8,742,749
565,23,652,714
566,15,652,709
567,50,552,644
568,15,702,719
569,20,702,724
570,12,1505,1514
571,15,747,804
572,30,702,734
573,10,717,729
574,20,802,824
575,15,1005,1019
576,10,802,814
577,15,737,754
578,20,902,924
579,30,827,859
580,15,732,749
581,20,832,854
582,15,642,659
583,10,807,819
584,20,702,724
585,18,632,649
586,15,832,849
587,25,532,559
588,13,647,704
589,10,722,734
590,129,802,1004
591,5,732,739
592,60,602,704
593,15,802,819
594,10,747,759
595,15,832,849
596,20,732,754
597,20,617,639
598,15,647,704
599,25,932,959
600,20,717,739
601,20,717,739
602,40,702,744
603,10,1505,1514
604,10,502,514
605,20,842,904
606,15,702,719
607,24,435,459
608,26,702,729
609,25,632,659
610,15,2105,2119
611,5,802,809
612,15,1735,1749
613,10,802,814
614,15,732,749
615,15,732,749
616,40,732,814
617,13,702,714
618,20,802,824
619,15,702,719
620,10,802,814
621,15,757,814
622,25,1705,1729
623,20,732,754
624,20,2115,2139
625,10,1005,1014
626,30,717,749
627,12,647,659
628,30,702,734
629,15,632,649
630,30,647,719
631,10,1645,1654
632,20,632,654
633,8,1005,1009
634,20,305,324
635,20,1205,1224
636,15,1805,1819
637,15,1245,1304
638,10,1135,1144
639,30,1315,1349
640,25,435,459
641,30,1815,1844
642,40,702,744
643,5,1615,1624
644,25,602,629
645,20,802,824
646,20,802,824
647,5,1615,1624
648,15,902,919
649,12,702,714
650,20,647,709
651,20,802,824
652,12,717,729
653,45,702,749
654,30,602,634
655,15,2135,2149
656,20,1505,1524
657,15,917,934
658,45,617,704
659,20,702,724
660,45,617,704
661,20,717,739
662,5,1435,1439
663,15,802,819
664,20,732,754
665,30,632,704
666,20,802,824
667,15,947,1004
668,15,702,719
669,5,652,659
670,25,717,744
671,20,1035,1054
672,20,1635,1654
673,15,647,704
674,10,802,814
675,35,802,839
676,35,602,639
677,15,742,759
678,20,647,709
679,20,702,724
680,15,522,539
681,5,732,739
682,12,647,659
683,17,737,754
684,30,722,754
685,15,832,849
686,20,737,759
687,20,632,654
688,35,732,809
689,12,732,744
690,10,802,814
691,5,1005,1009
692,5,1635,1639
693,5,502,509
694,15,1605,1619
695,15,747,804
696,10,752,804
697,30,632,704
698,15,802,819
699,12,802,814
700,30,632,704
701,30,455,524
702,30,1105,1134
703,25,652,719
704,20,802,824
705,20,722,744
706,5,847,854
707,6,832,839
708,10,902,914
709,10,642,654
710,5,617,624
711,7,802,809
712,15,652,709
713,20,702,724
714,13,415,429
715,15,1505,1519
716,15,732,749
717,20,652,714
718,18,702,719
719,15,2045,2049
720,13,702,714
721,8,747,754
722,12,732,744
723,20,717,739
724,20,702,724
725,20,1605,1624
726,15,642,659
727,129,732,1054
728,3,1305,1304
729,15,602,619
730,10,602,614
731,30,702,734
732,30,732,804
733,30,802,834
734,7,802,809
735,15,747,804
736,10,747,759
737,20,1535,1554
738,10,632,644
739,10,1405,1414
740,10,802,814
741,5,702,709
742,7,552,559
743,7,532,539
744,10,15,14
745,2,747,749
746,10,717,729
747,30,335,404
748,20,502,524
749,10,717,729
750,25,702,729
751,15,547,604
752,20,547,609
753,10,722,734
754,30,732,804
755,30,602,634
756,60,1755,1854
757,15,932,949
758,15,617,634
759,5,632,639
760,15,602,619
761,15,812,829
762,20,832,854
763,20,632,654
764,10,747,759
765,10,305,314
766,25,712,739
767,20,632,654
768,20,532,554
769,15,812,829
770,10,425,434
771,3,902,904
772,8,642,649
773,30,1545,1619
774,15,902,919
775,15,632,649
776,15,1645,1704
777,10,617,629
778,15,1505,1519
779,8,802,809
780,20,632,654
781,15,817,834
782,25,632,659
783,20,802,824
784,10,532,544
785,3,722,724
786,20,632,654
787,25,602,629
788,8,632,639
789,15,732,749
790,15,802,819
791,30,752,824
792,25,632,659
793,3,1805,1804
794,30,807,839
795,8,532,539
796,10,702,714
797,5,757,804
798,20,802,824
799,20,632,654
800,15,732,749
801,30,717,749
802,3,817,819
803,30,747,819
804,12,802,814
805,20,527,549
806,45,702,749
807,10,405,414
808,15,747,804
809,15,902,919
810,15,747,804
811,15,1135,1149
812,30,732,804
813,20,1445,1509
814,20,1405,1424
815,15,732,749
816,20,532,554
817,5,802,809
818,5,1435,1439
819,25,702,729
820,15,2015,2019
821,5,532,539
822,13,652,704
823,20,902,924
824,30,902,934
825,10,632,644
826,15,702,719
827,20,1805,1824
828,30,702,734
829,15,902,919
830,20,517,539
831,15,702,719
832,20,817,839
833,15,802,819
834,15,802,819
835,20,802,824
836,30,2225,2254
837,30,2125,2154
838,35,647,724
839,30,732,804
840,50,552,644
841,20,1035,1054
842,20,1205,1224
843,5,647,654
844,20,527,549
845,20,702,724
846,5,747,754
847,20,802,824
848,25,732,759
849,10,712,724
850,30,632,704
851,15,1705,1719
852,20,612,634
853,20,622,644
854,10,917,929
855,10,917,929
856,5,747,754
857,20,622,644
858,10,1805,1814
859,20,1405,1424
860,15,602,619
861,10,732,744
